{
  "hash": "5cf01c26",
  "configHash": "89c5b6f6",
  "lockfileHash": "011f8848",
  "browserHash": "789d1bfc",
  "optimized": {
    "@angular/common": {
      "src": "../../../../../../node_modules/@angular/common/fesm2022/common.mjs",
      "file": "@angular_common.js",
      "fileHash": "b854f178",
      "needsInterop": false
    },
    "@angular/common/http": {
      "src": "../../../../../../node_modules/@angular/common/fesm2022/http.mjs",
      "file": "@angular_common_http.js",
      "fileHash": "771fadae",
      "needsInterop": false
    },
    "@angular/core": {
      "src": "../../../../../../node_modules/@angular/core/fesm2022/core.mjs",
      "file": "@angular_core.js",
      "fileHash": "da65b7c7",
      "needsInterop": false
    },
    "@angular/forms": {
      "src": "../../../../../../node_modules/@angular/forms/fesm2022/forms.mjs",
      "file": "@angular_forms.js",
      "fileHash": "dddf3ace",
      "needsInterop": false
    },
    "@angular/platform-browser": {
      "src": "../../../../../../node_modules/@angular/platform-browser/fesm2022/platform-browser.mjs",
      "file": "@angular_platform-browser.js",
      "fileHash": "677b0f5e",
      "needsInterop": false
    },
    "@angular/platform-browser/animations": {
      "src": "../../../../../../node_modules/@angular/platform-browser/fesm2022/animations.mjs",
      "file": "@angular_platform-browser_animations.js",
      "fileHash": "82ec9396",
      "needsInterop": false
    },
    "@angular/router": {
      "src": "../../../../../../node_modules/@angular/router/fesm2022/router.mjs",
      "file": "@angular_router.js",
      "fileHash": "67931618",
      "needsInterop": false
    },
    "tslib": {
      "src": "../../../../../../node_modules/tslib/tslib.es6.mjs",
      "file": "tslib.js",
      "fileHash": "de7520cc",
      "needsInterop": false
    }
  },
  "chunks": {
    "chunk-I4DWS6IB": {
      "file": "chunk-I4DWS6IB.js"
    },
    "chunk-KGQO37BK": {
      "file": "chunk-KGQO37BK.js"
    },
    "chunk-MXL4LN37": {
      "file": "chunk-MXL4LN37.js"
    },
    "chunk-UN2LKDTS": {
      "file": "chunk-UN2LKDTS.js"
    },
    "chunk-GRSAPKU6": {
      "file": "chunk-GRSAPKU6.js"
    },
    "chunk-MJRU6N7B": {
      "file": "chunk-MJRU6N7B.js"
    },
    "chunk-EPAV4CNQ": {
      "file": "chunk-EPAV4CNQ.js"
    }
  }
}